200,100,Pepe,Pepe
500,200, Marye, Magda
300,300, luis,Luis
1000.12345,1000.12345,Jhon,Jhon